fold,ROC_AUC,PR_AUC,Recall@90%Prec,Brier,CalibSlope
1,0.9258564487360845,0.7879154708868659,0.4647887323943662,0.07585578478779963,0.9945379408802382
2,0.925556163384391,0.8221812985832803,0.5694444444444444,0.07161564334935504,0.997509027905972
3,0.9430160466812545,0.8509135731039895,0.5555555555555556,0.06801913089856425,1.015091789339073
4,0.9297501823486506,0.8416423786467425,0.7083333333333334,0.06683246406209505,1.1276712166003982
5,0.9402200340384148,0.8504926775128034,0.5972222222222222,0.06562262622804382,1.135669036233103
