seed,n_val,ROC_AUC,PR_AUC,Brier
42,397,0.9376645458534446,0.8824613995924282,0.03318279689535557
53,397,0.9553907022749751,0.9006699135011783,0.043090330180159606
65,397,0.9825521503991759,0.9548226328429676,0.023594327192100212
